nombre;pais;puntuacion;titulo;lo_positivo;lo_negativo;respuesta_hotel;tipo_viajero;habitacion;noches;fecha_estadia;fecha_comentario
Gustavo;Chile;10;Hotel con preciosa vista y excelente atención;Excelente la atención ,la vista maravillosa la comida esquisita y la dueña un amor !!!!!;;;En pareja;Habitación Doble Estándar con vistas al mar - 1 o 2 camas;2 noches;mayo de 2026;10 de mayo de 2026
Karen;Chile;10;Maravilloso;Excepcional. El trato personalizado, la calidad de los espacios, el entorno. Todo perfecto;Todo perfecto;Muchas gracias;En pareja;Habitación Doble Estándar con vistas al mar - 1 o 2 camas;2 noches;marzo de 2026;4 de abril de 2026
Gerardo;Chile;9.0;muy buena;emplazamiento, arquitectura y servicio;me pareció todo bien;Muchas gracias;En pareja;Habitación Doble Estándar con vistas al mar - 1 o 2 camas;4 noches;marzo de 2026;24 de marzo de 2026
José;Chile;10;Perfecto para una visita a Chiloé.;Todo me gustó, partiendo por lo que más llama la atención, que es la cercanía y hospitalidad de Mónica y Rodrigo, los dueños, y de todo el personal que trabaja en el hotel. Realmente parece como si estuvieras en tu casa. Para qué hablar de la infraestructura, un hotel, que aunque pequeño (sólo 8 habitaciones), es realmente bonito y acogedor, decorado con un gusto extraordinario. La limpieza, tamaño de las habitaciones, lugares comunes....todo perfecto. Y por último, la comida espectacular, así como la carta de vinos. En resumen, 100% recomendable. De hecho después de ir mi primera vez, volví a ir y lo más probable es que vaya de nuevo.;Por primera vez es que no tengo nada que no me haya gustado.;Muchas gracias;En pareja;Habitación Doble Estándar con vistas al mar - 1 o 2 camas;2 noches;marzo de 2026;18 de marzo de 2026
Guillermo;Chile;9.0;Fantástico;La ubicación con lindas vistas desde la habitación, baño con muy buena ducha, habitación amplia;La iluminación del lavamanos no era buena. Sería mejor un desayuno bufet y más variado;Gracias y tendremos en consideración las recomendaciones...;En pareja;Habitación Doble Estándar con vistas al mar - 1 o 2 camas;6 noches;marzo de 2026;15 de marzo de 2026
Velasquez;Chile;10;Una verdadera joya inmersa en nuestro maravilloso Chiloé;Nuestra estancia en Estancia Rilán fue verdaderamente maravillosa. La combinación de su ubicación. Una de las mayores joyas de este hotel son sus dueños, Mónica y Rodrigo. Desde el momento en que llegas, te reciben con una calidez y amabilidad que te hacen sentir como en casa. Su trato cercano y profesional se traduce en una atención constante a tus necesidades, asegurando que tu estadía sea memorable y sin contratiempos. Las cenas en Estancia Rilán son algo para recordar. Mónica y Rodrigo comparten la mesa con los huéspedes, creando un ambiente acogedor y amigable perfecto para disfrutar de un rato agradable y conocer a otros viajeros. Además, la comida casera, elaborada con productos locales, es una oportunidad imperdible para saborear los auténticos platos de la región.;;;En pareja;Habitación Doble Estándar con vistas al mar - 1 o 2 camas;5 noches;febrero de 2026;11 de marzo de 2026
África;Chile;10;Maravilloso refugio en Chiloé.;El refugio perfecto en Chiloé! Exquisita comida, hermosa decoración e infraestructura ideal para descansar y desconectarse. Totalmente recomendable.;Wifi y TV presentan reiteradas interrupciones (único detalle a mejorar).;Muchas gracias, en especial por que a pesar de los días...;En pareja;Habitación Doble Estándar con vistas al mar - 1 o 2 camas;2 noches;febrero de 2026;4 de marzo de 2026
Luis;Chile;10;Excelente!!;El desayuno y la comida son espectaculares. La cordialidad y amabilidad de la dueña y el personal son excepcionales.;Todo estuvo perfecto;Muchas gracias;En pareja;Habitación Doble Estándar con vistas al mar - 1 o 2 camas;2 noches;febrero de 2026;4 de marzo de 2026
Ana;Chile;9.0;Hotel boutique, muy bien situado para explorar la isla de chiloe;Un hotel boutique enclavado en un lugar paradisiaco de chiloe, con impresionantes vistas.;Todo lo que ofrece cumple con todas las expectativas;Gracias y seguiremos trabajando por mejorar nuestras...;En pareja;Habitación Doble Estándar con vistas al mar - 1 o 2 camas;4 noches;marzo de 2026;3 de marzo de 2026
M;Chile;10;Excepcional;La vista maravillosa, la amabilidad del personal y sus dueños.;Falta de aislacion de ruidos de las otras habitaciones.;Gracias y valoramos tu recomendación;En pareja;Habitación Doble Estándar con vistas al mar - 1 o 2 camas;2 noches;febrero de 2026;20 de febrero de 2026
Jose;Chile;10;Descanso y Relax;el desayuno espectacular , la atencion exelente , personal muy agradable y dispuesto. La vista muy bonita el ambiente y las habitaciones muy comodas;;Muchas gracias por venir y por sus comentarios. Que estén...;En pareja;Habitación Doble Estándar con vistas al mar - 1 o 2 camas;4 noches;febrero de 2026;11 de febrero de 2026
Valentina;Argentina;10;Un placer venir aca , volveremos!;Todo super! Vista increible comida muy buena atencion inmejorable. Decoracion esplendida.;;Muchas gracias, para nosotros fué un gusto poder...;En pareja;Habitación Doble Estándar con vistas al mar - 1 o 2 camas;4 noches;enero de 2026;6 de febrero de 2026
Francisco;Chile;10;Imperdible un Chiloé;La ubicación y vista es espectacular Su limpieza y lo mejor el servicio de su equipo de atención , se pasaron, son lo máximo. Felicitaciones !!!;Nada que decir;Gracias Francisco, esperamos volver a tenerlos de visita...;En pareja;Habitación Doble Estándar con vistas al mar - 1 o 2 camas;3 noches;enero de 2026;30 de enero de 2026
Nataliapc;Chile;10;Amamos Estancia Rilan, nos encanto y de seguro volveremos;Todo, de inicio a fin de nuestra estadía. Un lugar de descanso, lleno de detalles, Nos encanto cordialidad de sus dueños ,quienes nos recibieron dio un plus a nuestra estadía. La Cena exquisita, la belleza del paisaje, cómodas y hermosas instalaciones. Un hotel en el que te sientes como en casa, volveremos sin dudar.;;Abrazos para ambos, los estaremos esperando, muchas...;En pareja;Habitación Doble Estándar con vistas al mar - 1 o 2 camas;3 noches;noviembre de 2025;26 de noviembre de 2025
Ivonne;Chile;10;🌿 Un paraíso acogedor en medio de la naturaleza;La Estancia es un lugar encantador en Chiloé. Moderno, cómodo y rodeado de una naturaleza preciosa, es perfecto para descansar y desconectarse. Mónica y Rodrigo son anfitriones maravillosos, muy acogedores y atentos. Jaqueline, un amor de persona, siempre dispuesta a ayudar. ¡Gracias por todo! Sin duda, volveremos. 🌿;;Muchas gracias, es tan importante para nosotros que...;En pareja;Habitación Doble Estándar con vistas al mar - 1 o 2 camas;2 noches;octubre de 2025;12 de octubre de 2025
Francisca;Chile;10;Perfecto, espero volver;Todo fantástico, muy cuidado cada detalle, el personal muy acogedor, no heche nada de menos, se agradece la calidad de las sábanas y una crema de manos que dejaban todos lod ´dias, realmente buena. Desayuno muy rico.;nada;Muchas gracias, saludos desde el sur;En pareja;Habitación Doble Estándar con vistas al mar - 1 o 2 camas;3 noches;junio de 2025;23 de junio de 2025
Cesar;Chile;9.0;Una exquisita estadía en Chiloé;La ubicación, la vista, la arquitectura, las piezas, la atención, la comida, en definitiva, todo. Es un muy lindo lugar que hay que visitar.;Prácticamente nada;;En pareja;Habitación Doble Estándar con vistas al mar - 1 o 2 camas;4 noches;abril de 2025;20 de abril de 2025
Waissbluth;Chile;10;Excelente hotel boutique;El hotel es precioso, con cada detallo pensado. Las vistas maravillosas. Los dueños se preocupan de todos los detalles y hacen que tu estancia sea espectacular;Nada;Muchas gracias por todo el feedback;En pareja;Habitación Doble Estándar con vistas al mar - 1 o 2 camas;3 noches;abril de 2025;20 de abril de 2025
Fernando;Chile;10;Muy bueno;Muy lindo;Nada;;En pareja;Habitación Doble Estándar con vistas al mar - 1 o 2 camas;3 noches;marzo de 2025;17 de marzo de 2025
Patricia;Chile;10;Excelente estadía;Todo, las instalaciones, el lugar muy tranquilo y lleno de calma, la vista desde las habitaciones, las cenas a cargo del restaurante Rucalaf, la atención del personal y de Monica que hace la diferencia con su trato cordial y preocupación porq este viaje sea un experiencia inolvidable…sin duda volveremos;Todo ok;;En pareja;Habitación Doble Estándar con vistas al mar - 1 o 2 camas;5 noches;febrero de 2025;15 de marzo de 2025
Jaqueline;Chile;10;Maravillosa estadía;El paisaje del hotel, la decoración y los consejos y tiempo que nos dedicó Mónica la dueña del hotel para conocer los lugares impedibles de la isla La cava maravillosa !!!;;;En grupo;Habitación Doble Estándar con vistas al mar - 1 o 2 camas;3 noches;marzo de 2025;3 de marzo de 2025
Felipe;Chile;10;Excelente Experiencia;El lugar, el hotel, la comida y por sobre todo la atención son excelentes. La ubicación en la península de Rilán es perfecta para recorrer la Ruta de las Iglesias visitando 3 o 4 iglesias por día sin mayor dificultad. De volver a Chiloé esta es la primera reserva que haré. Un aplauso para Mónica y a todo el equipo.;;Muchas gracias por venir y compartir su experiencia;En pareja;Habitación Doble Estándar con vistas al mar - 1 o 2 camas;4 noches;febrero de 2025;22 de febrero de 2025
Rodrigo;Chile;10;UNA AGRADABLE ESTADIA, EN LA ESTANCIA;El desayuno es a la carta, muy completo, variado y todo muy bien preparado. Y la vista que se disfruta mientras desayunas es espectacular. Además que todo el personal es muy agradable y se esmeran en atenderte bien.;En realidad nos gustó todo.. quizás un WiFi más potente o con más cobertura, pero eso se puede solucionar instalando más repetidores de señal. Por lo tanto, nos encantó todo.;Muchas gracias por venir y compartir su experiencia, así...;En familia;Habitación Doble Estándar con vistas al mar - 1 o 2 camas;4 noches;febrero de 2025;17 de febrero de 2025
Paolo;Chile;10;Entorno y hotel maravilloso;Todo , la arquitectura, limpieza, decoración, Amabilidad simpatía de su personal y dueña.;Nada , todo excepcional;Gracias por venir y por compartir su experiencia;En pareja;Habitación Doble Estándar con vistas al mar - 1 o 2 camas;3 noches;enero de 2025;30 de enero de 2025
Ramón;Chile;10;Está pensado para que descanses y hagas lindos paseos;Es un hotel pequeño con una atención personalizada. Sus dueños son muy hospitalarios, siempre con datos útiles y entretenidos. Muy linda arquitectura y diseño interior de mucho gusto. Se come bien!;Todo está muy bien!!;Muchas gracias, para nosotros fué un agrado compartir con...;En pareja;Habitación Doble Estándar con vistas al mar - 1 o 2 camas;3 noches;enero de 2025;22 de enero de 2025
Ignacio;Chile;9.0;Maravilloso;Ubicación, Personal muy atento, instalaciones espectaculares;La iluminación en la habitación al amanecer, debería considerar instalar otra cortina black out;Muchas gracias, saludos cordiales;En pareja;Habitación Doble Estándar con vistas al mar - 1 o 2 camas;4 noches;enero de 2025;20 de enero de 2025
Maria;Chile;10;Muchas gracias al personal;La amabilidad y la presencia de la dueña;Que no tenía hot tub;Muchas gracias;En familia;Habitación Doble Estándar con vistas al mar - 1 o 2 camas;2 noches;enero de 2025;12 de enero de 2025
Hans;Países Bajos;9.0;Fantástico;Muy bien;;Gracias por tu evaluación. No podemos hacer mucho...;En familia;Habitación Doble Estándar con vistas al mar - 1 o 2 camas;3 noches;diciembre de 2024;31 de diciembre de 2024
Alejandra;Chile;10;Increíble lugar y atención excepcional;El hotel precioso ubicado en uno de los lugares más lindos de Chiloé. La atención excepcional, atentos a cualquier detalle. Desayuno increíble y la cena de lujo. Lo recomiendo para escapar del caos de la ciudad. Los dueños Mónica y Rodrigo un amor al igual que todo el personal.;;;En pareja;Habitación Doble Estándar con vistas al mar - 1 o 2 camas;3 noches;diciembre de 2024;15 de diciembre de 2024
Liliana;Chile;9.0;Estadía Fantástica y digna de repetir;Todo. Mónica y Rodrigo tienen un lugar precioso donde la arquitectura se inserta perfectamente en el entorno, acogedor, funcional. Los chiquillos que atienden super amables. La comida exquisita, el desayuno bueno. Mónica siempre dispuesta a ayudar con datos locales, indicaciones de mucha ayuda para los paseos. Fantàstico todo.;Nada negativo;Muchas gracias por haber venido y tus bellas palabras....;En grupo;Habitación Doble Estándar con vistas al mar - 1 o 2 camas;4 noches;noviembre de 2024;19 de noviembre de 2024
Gonzalez;Chile;10;Excelente Hotel, quiero volver!!!;El hotel es precioso, destaco la hospitalidad de los dueños, te acogen con mucho cariño, la atención del personal es espectacular, son muy amables y atentos, el desayuno exquisito, tiene vistas increíbles en todo el hotel, una cava especial por su diseño muy particular, me encantó el hotel, lo repetiremos!!! No dejen de conocerlo, lo recomiendo 100%;Nada;Muchas gracias por sus comentarios, disculpen lo tardía...;En pareja;Habitación Doble Estándar con vistas al mar - 1 o 2 camas;5 noches;septiembre de 2024;30 de septiembre de 2024
Sergio;Chile;10;Excelencia en el servicio;Excelente servicio;;Muchas gracias por sus evaluación, disculpen lo tardía de...;En pareja;Habitación Doble Estándar con vistas al mar - 1 o 2 camas;2 noches;agosto de 2024;4 de agosto de 2024
Macarena;Chile;10;Maravilloso hotel con una atención de lujo;Maravilloso hotel, muy cómodo, lleno de detalles, muy bien atendido. Vale la pena conocerlo y gozar de su vista, atención y gastronomía;;Gracias mil, me encantaría nombrarlos para agradecerles...;En pareja;Habitación Doble Estándar con vistas al mar - 1 o 2 camas;3 noches;junio de 2024;23 de junio de 2024
Eduardo;Chile;10;Excepcional;Sus instalaciones y atención del personal;;Hola Eduardo, muchas gracias por darte el tiempo de...;En pareja;Habitación Doble Estándar con vistas al mar - 1 o 2 camas;2 noches;mayo de 2024;21 de mayo de 2024
Carolina;Chile;10;Excelente hoyel;El hotel es maravilloso! Linda arquitectura, muy bien decorado. Las piezas cómodas y con mucha preocupación en cada detalle. El servicio es excelente, muy personalizado. Nos sentimos como en nuestra casa.;;Muchas gracias por sus comentarios y evaluación, eso nos...;En pareja;Habitación Doble Estándar con vistas al mar - 1 o 2 camas;2 noches;abril de 2024;25 de abril de 2024
Inés;Chile;10;Excepcional;El desayuno es exquisito, variado y abundante.;;Muchas gracias por visitarnos, fue un agrado conocerlos y...;En grupo;Habitación Doble Estándar con vistas al mar - 1 o 2 camas;1 noche;abril de 2024;13 de abril de 2024
Mariana;México;10;Excepcional;Es toda una experiencia sensorial. El hotel es hermoso por si solo y está en un paraje de ensueño. Sumado a eso las atenciones del persobal redondea la experiencia.;;Muchas gracias por visitarnos, los estaremos esperando a...;En pareja;Habitación Doble Estándar con vistas al mar - 1 o 2 camas;2 noches;abril de 2024;12 de abril de 2024
Claudio;Chile;10;CHILOE en toda su dimension, vistas, paseos y comidas;atencion excelente. desayuno a la carta, con horario personalizado, muy buena preparacion y atencion del personal;esta perfecto, la ubicacion , las vistas , el silencio, la comida, las comodidades del hotel hcen de un lugar muy agradable para descansar y recorrer Chiloe, aconsejo ir en vehiculo par tener la independencia y capacidad de recorrer lugares que estan algo alejados. la comida es aparte, de muy buena presentacion, excelente en gusto y cantidad, refleja un poco la comida chilota sin dejar de haber platos internacionales,una muy buena carta de vinos , muy recomendable volvere sin duda;;En pareja;Habitación Doble Estándar con vistas al mar - 1 o 2 camas;5 noches;marzo de 2024;10 de marzo de 2024
Javier;Chile;10;Excepcional;Maravillosa vista y atención;;Muchas gracias Javier, los estaremos esperando nuevamente!;En pareja;Habitación Doble Estándar con vistas al mar - 1 o 2 camas;2 noches;febrero de 2024;21 de febrero de 2024
Guillermo;Argentina;9.0;Monica te brinda información completisima de todos los sitios a visitar.;Las vistas son soberbias y la comida excelente!;;;En pareja;Habitación Doble Estándar con vistas al mar - 1 o 2 camas;2 noches;enero de 2024;21 de enero de 2024
Chelita;Argentina;10;Un lugar para recomendar!!;El edificio es lindisimo, con muy buena atención y tremendo desayuno.;;;En familia;Habitación Doble Estándar con vistas al mar - 1 o 2 camas;2 noches;enero de 2024;14 de enero de 2024
Freddie;Chile;10;Excepcional;Instalaciones muy bien decorada, habitaciones cómodas, excelente vista;;Freddie gracias por elegirnos, por venir y disfrutar al...;En pareja;Habitación Doble Estándar con vistas al mar - 1 o 2 camas;2 noches;noviembre de 2023;16 de diciembre de 2023
Martin;Chile;10;Maravilloso Hotel en Rilán;La arquitectura del hotel, lo cómodo de las piezas, el desayuno. Pero lo mejor es la atención del personal y sobre todo de los dueños.;;Gracias a ambos, conversar y compartir con ustedes un...;En pareja;Habitación Doble Estándar con vistas al mar - 1 o 2 camas;2 noches;octubre de 2023;2 de noviembre de 2023
Elizabeth;Chile;9.0;Fantástico;Todo muy cuidado. Excelente atención;Camas individuales muy chicas de una plaza. Debieran ser plaza y media;Gracias por tu opinión, lamentamos que la cama haya...;Persona que viaja sola;Habitación Doble Estándar con vistas al mar - 1 o 2 camas;2 noches;enero de 2026;1 de febrero de 2026
Stella;Chile;10;Excepcional;La vista maravillosa. La linda decoracion del hotel, los espacios para reunirse y conversar tranquilamente. Se respira paz. La excelencia del personal, amable, preocupado de todo. La calidez de los dueños Monica y Rodrigo que ayudaban en todo.;Todo nos gustó.;Muchas gracias por tus palabras, atentas y de una...;En pareja;Habitación Doble Estándar con vistas al mar - 1 o 2 camas;2 noches;octubre de 2025;28 de octubre de 2025
Claire;Chile;9.0;Ubicación y diseño;La ubicación (se necesita un auto) y el diseño del hotel.;Fue una linda experiencia en general.;Muchas gracias por venir y compartir su experiencia;En pareja;Habitación Doble Estándar con vistas al mar - 1 o 2 camas;5 noches;febrero de 2025;16 de febrero de 2025
Andres;Chile;10;Un descanso para disfrutar siendo atendido con mucho esmero;La tranquilidad, la especial atención de Mónica y de todo el personal. Monica todo el tiempo preocupada y dando datos para visitar lugares y restaurantes.;Nada;Muchas gracias por el tiempo para expresar sus...;En pareja;Habitación Doble Estándar con vistas al mar - 1 o 2 camas;4 noches;enero de 2025;2 de enero de 2025
Liliana;Chile;10;Muy agradable;Estupenda arquitectura Lindo hotel boutique Muy buena atención Muy dedicada y personalizada! Ayudan dando datos turístico muy buenos Estupendo desayuno y comida;Un poco retirado pero al mismos tiempo eso da mucho relajo y paz ( la ubicación);Muchas gracias por darte el tiempo en compartir tu...;En pareja;Habitación Doble Estándar con vistas al mar - 1 o 2 camas;3 noches;noviembre de 2024;3 de noviembre de 2024
José;Chile;8.0;Muy bueno todo. Me gustó muchísimo;El Hotel y la atención del personal;Quizá que está un poco lejos;;En pareja;Habitación Doble Estándar con vistas al mar - 1 o 2 camas;2 noches;abril de 2024;25 de abril de 2024
Mauricio;Chile;10;recomendable, buena experiencia;comida y la vista/entorno, amabilidad;alejado, requiere vehículo;;En pareja;Habitación Doble Estándar con vistas al mar - 1 o 2 camas;4 noches;febrero de 2025;30 de marzo de 2025
Fabiola;Chile;5.0;Aceptable;Bookimg como todos venden humo para despues hacerte cargos por impuestos cuando yo no spy empresaria y no necesito iva. es arbitrario y sube 100.000 pesos la cuenta.;el valor casi 500 mil mas 400 en comida.un robo por 3 dias;Buenas tardes Fabiola, lamentamos que la mala experiencia...;En pareja;Habitación Doble Estándar con vistas al mar - 1 o 2 camas;3 noches;mayo de 2024;10 de mayo de 2024
Hector;Chile;1.0;Super poco serio, cancelan reservas confirmadas hasta ultimo momento;Falta de seriedad, nos cancelan reserva luego de estar confirmada;Sobrevenden las habitaciones y luego cancelan al que va menos días, culpan a booking porque entran segun ellos de 3 solicitudes juntas;;En pareja;Habitación Doble Estándar con vistas al mar - 1 o 2 camas;2 noches;febrero de 2026;19 de febrero de 2026
Flavia;Chile;10;One of the best Hotels I've stayed in;Everything! One of the best Hotels I've stayed in;Nothing;Muchas gracias;En pareja;Habitación Doble Estándar con vistas al mar - 1 o 2 camas;5 noches;febrero de 2026;20 de marzo de 2026
Claudio;Estados Unidos;10;Perfect location for relaxing and excursions;Breakfast was excellent , with many options to choose . Location is beautifull but would be great to have indications in advance how to get there . Sometimes gps do not work well in rural areas .;;;En pareja;Habitación Doble Estándar con vistas al mar - 1 o 2 camas;3 noches;febrero de 2026;27 de febrero de 2026
Veronica;Suiza;10;Wonderful place very much inviting to return;The location- wonderful view, the friendly staff, the cozy place, delicious food, the fantastic wine cellar and the fantastic hosts.;Nothing noticed;;En pareja;Habitación Doble Estándar con vistas al mar - 1 o 2 camas;3 noches;enero de 2026;18 de enero de 2026
Chandler;Reino Unido;10;Exceptional way to enjoy the magic of Chiloe;This was exceptional. Every aspect of the design was stunning. We were immediately welcomed and asked to treat this as our home. The staff couldn’t have tried harder to make it a memorable stay and also tried to find our missing luggage from our flight from Madrid. The breakfast and dinner were brilliant as were the wines.;Nothing;Gracias;En pareja;Habitación Doble Estándar con vistas al mar - 1 o 2 camas;2 noches;noviembre de 2025;27 de noviembre de 2025
Cezanne;Estados Unidos;10;Idyllic countryside, very friendly and helpful staff, excellent food and beautiful interior.;The location is in a beautiful pastoral part of Chiloe Island with views of the water. It was the most peaceful hotel stay we have ever experienced.;Nothing;Muchas gracias, saludos;En pareja;Habitación Doble Estándar con vistas al mar - 1 o 2 camas;4 noches;enero de 2025;3 de febrero de 2025
Leonardo;Estados Unidos;10;Great atmosphere!;Monica is an exceptional host. Hotel is beautiful and very pleasant.;Wish there were more signs on the roads to get to the hotel.;Muchas gracias;En pareja;Habitación Doble Estándar con vistas al mar - 1 o 2 camas;2 noches;enero de 2025;10 de enero de 2025
David;Reino Unido;8.0;Beautiful, remote hotel;Beautifully designed modern hotel in a stunning remote location with distance estuary views.;We were travelling independantly by hire car and were provided with a great deal of useful information regarding how to get to the hotel etc prior to arriving so communucation in that way was good, however one thing we wern't reminded about was the need to choose our dining choices on the day of arrival. We reserved 3 weeks before arrival and was sent at the time an attachment called Hotel Rules, or something like that. In that it indicated the need to book your food choices on the same day as planning to eat. We did not read this attachment (who really does😀) and its was 3 weeks before we arrived and we were busy arranging the rest of our visit to South America. We did not need to have mobile data on our visit to Chile relying on wifi at our hotels however we were sent a message reminding us that we had to choose the dinner options by 4pm for that evening only on the day when we were arriving and when we were traveling so we did not receive it. As a consequence we were informed on arrival after 4 pm that they could not provide dinner. This was very disappointing because we had booked this hotel particularly due to the excellent dinner reviews. This was also a remote hotel which meant there were no other local options. We were offered a tapas plate or details of a partner restaurant 30 mins away by car. Although we had to drive which certainly was not ideal we did infact have an excellent meal at this restaurant so the evening did not work out too badly. We would however prefered to eat at the hotel. If the owners had just reminded us on the days just before arrival, with the extensive location information which was sent, as an example, of the requirement to book on the day you wish to eat, then we would had attempted to find a wifi hotspot to provide this information. We have included this experiance as a warning message to others in our circumstances who are contemplating staying in this hotel, which was beautiful, but would like dinner on arrival!!;;En pareja;Habitación Doble Estándar con vistas al mar - 1 o 2 camas;1 noche;noviembre de 2024;18 de diciembre de 2024
Amberish;Hong Kong;10;Excepcional;Great property and location, very tastefully done. The owners are super helpful and engaged and genuinely care for the guests.;Nothing;;En pareja;Habitación Doble Estándar con vistas al mar - 1 o 2 camas;2 noches;marzo de 2024;29 de marzo de 2024
Rosamond;Reino Unido;10;Stupendous;Amazing hotel - beautiful view, building, amenities and service. This must be the best hotel on the island. Highly recommended;Nothing;;En pareja;Habitación Doble Estándar con vistas al mar - 1 o 2 camas;3 noches;febrero de 2024;24 de febrero de 2024
Gailneil;Sudáfrica;10;Awesome Boutique Hotel;A beautifully designed boutique hotel with great views. Food and wine was delicious. Staff very friendly.;Everything was great.;;En pareja;Habitación Doble Estándar con vistas al mar - 1 o 2 camas;1 noche;febrero de 2024;16 de febrero de 2024
Gary;Estados Unidos;10;Excepcional;The most perfect, restful retreat in Chiloe. The property is first class, beautifully finished and high specification. Excellent hospitality - so friendly and welcoming. The food was incredible. The views are breathtaking!;;;En pareja;Habitación Doble Estándar con vistas al mar - 1 o 2 camas;3 noches;enero de 2024;29 de enero de 2024
Erin;Estados Unidos;10;Design Hotel with Stunning View;Gorgeous hotel with lovely owners, delicious restaurant and luxury rooms. The bathroom with a view was superb!;;;En pareja;Habitación Doble Estándar con vistas al mar - 1 o 2 camas;2 noches;enero de 2024;21 de enero de 2024
Morgan;Estados Unidos;10;We were there for part of our honeymoon and travel fairly widely, but this may have been our favorit;Everything about the Estancia Rilan absolutely blew us away. The property is just as beautiful as it is in the pictures. Communication via WhatsApp was smooth and helpful as we arrived to the hotel. The owners, despite speaking very little English (and our Spanish is extremely basic), had already made every effort to easily welcome us, including inviting a local guide with excellent English to have a drink with us and tell us about the beautiful area and things to do, tailored to our likes. The room was clean and the attention to detail is amazing--a guidebook with translations, heated towel rack, etc. Dinner and breakfast were always excellent, prepared by a great local restaurant and served in the cozy, beautiful bar/restaurant/relaxing area. We were there for part of our honeymoon and travel fairly widely, but this may have been our favorite place ever to stay.;;;En pareja;Habitación Doble Estándar con vistas al mar - 1 o 2 camas;2 noches;diciembre de 2023;19 de enero de 2024
Trinidad;Chile;10;Wonderfull;Location, the view, food, stafff.;Incredible view, cozy;;En pareja;Habitación Doble Estándar con vistas al mar - 1 o 2 camas;3 noches;diciembre de 2023;15 de diciembre de 2023
Gregory;Estados Unidos;9.0;We would HIGHLY recommend this hotel if you have your own car for sightseeing or a professional tour guide!;The property is fantastic, great layout, amazing views, day and night! Monica and Rodrigo are the best! The staff, Lily and Johnathan, as well. They earned every penny we tipped them and more!;If you’re not on a tour it can be difficult to find without a preprogrammed GPS location or a very accurate phone! We had both so zero problems!;;En pareja;Habitación Doble Estándar con vistas al mar - 1 o 2 camas;2 noches;septiembre de 2024;29 de septiembre de 2024
Ilya;Rusia;10;Excepcional;Все отлично;;Gracias;En pareja;Habitación Doble Estándar con vistas al mar - 1 o 2 camas;2 noches;febrero de 2026;15 de febrero de 2026
Raquelli;Brasil;10;Excepcional;Tudo!;;;En pareja;Habitación Doble Estándar con vistas al mar - 1 o 2 camas;2 noches;diciembre de 2025;18 de enero de 2026
Ursula;Suiza;10;Ein Ort der Ruhe.Sehr nette Gastgeber;Wunderbare Lage. Sehr geschmackvoll eingerichtet;Nichts;Gracias;En pareja;Habitación Doble Estándar con vistas al mar - 1 o 2 camas;4 noches;marzo de 2025;25 de marzo de 2025
Barbara;Suiza;10;Ein Paradies auf Chiloe;Wunderschöne Lage. Diese Aussicht, sowohl vom Zimmer als auch vom Restaurant. Einfach wow! Wir haben jeden Abend im Hotel gegessen. Es gab eine wechselnde Auswahl an Speisen. Ausgezeichnete Küche. Diverse Weine im Offenausschank. Total familiär, weil das Hotel nur wenige Zimmer hat. Der Kontakt zu Monica und Rodrigo war sehr herzlich. Und auch die Angestellten sind alle sehr zuvorkommend und freundlich.;Ein bequemer Sessel auf dem Balkon wäre schön. Andererseits, es gibt einen tollen Aussenbereich beim Restaurant, oder auch ein Loungebereich mit Cheminée. Also: ALLES WUNDERBAR.;;En pareja;Habitación Doble Estándar con vistas al mar - 1 o 2 camas;4 noches;febrero de 2025;3 de febrero de 2025
Christopher;Suiza;10;Excepcional;Diese Unterkunft auf der Halbinsel Rilan ist ein traumhafter Ort! Das Hotel bietet eine einmalige, wunderschöne Einrichtung und Gestaltung. Der Blick aus unserem Zimmer war unbeschreiblich schön, man schaute hinaus in die Landschaft hinüber auf die Nachbarinsel Isla Lemuy. Das Hotelpersonal ist mega freundlich, zuvorkommend und serviceorientiert. Das Essen, angefangen beim Frühstück und erstrecht das Dinner ist Spitzenklasse! Zuletzt aber möchten wir uns auch ganz persönlich bei Monica, der Inhaberin bedanken für drei unvergessliche Tage auf Chiloe und möchten uns bedanken Gast in dieser wirklich atemberaubend schönen Unterkunft sein zu dürfen! Wir kommen so schnell wie möglich wieder!;;;En pareja;Habitación Doble Estándar con vistas al mar - 1 o 2 camas;3 noches;noviembre de 2024;10 de diciembre de 2024
Régine;Francia;10;Excepcional;La vue, le cadre chaleureux, la décoration, la qualité des repas et la grande amabilité du personnel.;Rien (et pourtant je suis exigeante);;En familia;Habitación Doble Estándar con vistas al mar - 1 o 2 camas;2 noches;noviembre de 2024;24 de noviembre de 2024
Beatrice;Suiza;10;Architektonisches Bijou, ausgezeichnetes Essen, herrliche Lage, tolle Gastgeber;Das Hotel ist vermutlich die beste Unterkunft auf der Insel Chiloé. Wir wurden freundlich auf Deutsch begrüsst von einem jungen Musiker, der extra dafür engagiert wurde. Das Hotel ist architektonisch ein Highlight. Die Lage ist herrlich, man sieht das Meer und bei gutem Wetter die schneebedeckten Berge. Es ist herrlich ruhig und in der Nacht betrachtet man einen klaren Sternenhimmel von der Terrasse aus. Das Abendessen schmeckte vorzüglich. Die Auswahl an Weinen ist enorm. Coti, eine Privatköchin aus der näheren Umgebung hat für uns im Hotel gekocht. Auch das Frühstück war ausgezeichnet. Das Personal ist sehr freundlich und hilfsbereit. Wir haben unseren Aufenthalt sehr genossen.;;Muchas gracias;En grupo;Habitación Doble Estándar con vistas al mar - 1 o 2 camas;2 noches;octubre de 2024;11 de octubre de 2024
Adria;España;10;Un oasi;L’amabilitat i ganes de fer-ho be del personal. El coneixement de la propietaria, sempre disposada a orientar sobre els milllors llocs a visitar o les opcions que hi havia, i l’entorn i vistes, tot magnific;Es un hotel fora dels circuits habituals i requereix estar disposat a invertir un temps de desplaçament extra respecte a opcions p.e. a Castro. Pero jo crec que mereix l’esforç. Reservar anticipadament els plats del sopar tampoc no es el que mes agrada. S’agraeix pero la flexibilitat que demostren;;En pareja;Habitación Doble Estándar con vistas al mar - 1 o 2 camas;3 noches;febrero de 2024;21 de febrero de 2024
TThais;Brasil;10;Excepcional;Localização, atmosfera, acolhimento. Refeições muito gostosas. Vista maravilhosa também no banho. Gostamos muito e recomendamos.;Uma sugestão: colocar black-out nos quartos. Nem todo mundo gosta de acordar com a luz do sol na cara. Tive que dormir de tapa olhos. E no verão pode ser quente então solicitem os quartos do andar térreo ou poderia ter uma opção de ventilador para esses dias quentes.;Gracias Thais por tu opinión, recomendación y...;En pareja;Habitación Doble Estándar con vistas al mar - 1 o 2 camas;4 noches;enero de 2024;12 de enero de 2024
Davidl;Austria;10;Alles perfekt und werde auf jeden Fall wiederkommen;Tolles Frühstück, tolles Abendessen. Die Architektur, das Design, die Einrichtung des Hotels sind Top. Die Besitzer und das Personal sind super nett und die Wein-/Alkoholkarte ist toll kuriert.;;;Persona que viaja sola;Habitación Doble Estándar con vistas al mar - 1 o 2 camas;2 noches;diciembre de 2023;11 de diciembre de 2023
Jochen;Suiza;8.0;Wunderschöne Aussicht;Wunderschönes Haus mit einem tollen Rundblick von der Terrasse in sehr ruhiger Lage.;Wenn man etwas bemängeln könnte: Personal ist sehr langsam, beim Bestellen bzw. servieren und es wäre schön, wenn es zumindest eine tina caliente hätte.;;En pareja;Habitación Doble Estándar con vistas al mar - 1 o 2 camas;2 noches;noviembre de 2025;7 de enero de 2026
Patrice;Francia;10;Un écrin de sérénité et de confort;Nous avons passé un excellent séjour à l’Hotel & Cava Estancia Rilán. L’accueil a vraiment été exceptionnel. Toute l’équipe a été chaleureuse et d’une grande gentillesse. Une mention spéciale pour Mónica qui dirige l’équipe et qui nous a accompagnés du début à la fin avec beaucoup d’attention. Grâce à ses conseils, nous avons pu découvrir les plus beaux endroits de Chiloé et profiter pleinement de notre passage sur l’ile. L’hôtel est confortable, calme et élégant, avec un véritable engagement en faveur d’un écotourisme de qualité et authentique qui se ressent dans les détails, dans l’ambiance et dans le service. Nous garderons un excellent souvenir de ce petit coin de Chiloé, chaleureux et paisible, que nous recommandons sans hésiter.;;;En pareja;Habitación Doble Estándar con vistas al mar - 1 o 2 camas;3 noches;noviembre de 2025;25 de noviembre de 2025
Juliana;Brasil;10;Experiência única em Chiloé;Linda decoração, excelente vista do quarto e no local das refeições. Acordar todos os dias com aquela vista foi maravilhoso. Vimos muitos pássaros. Quarto quentinho. Café da manhã delicioso. O atendente Sebastian é muito simpático, faz toda a diferença.;é possível ouvir com nitidez barulho do quarto do lado;Gracias Juliana por tu opinión, valoramos poder siempre...;En pareja;Habitación Doble Estándar con vistas al mar - 1 o 2 camas;4 noches;enero de 2025;5 de enero de 2025
Desirée;Brasil;10;Imperdível;Surpreendente! Arquitetura espetacular! Mônica e Rodrigo são pessoas incríveis, muito agradáveis, prestativos e acessíveis!;Tudo é maravilhoso, ambiente, funcionários, acomodações e áreas comuns decorados com carinho e originalidade em cada detalhe! Adoramos e super recomendo! Ah, e o restaurante é muito bom!;Gracias Desireé, saludos para todos ustedes, les deseamos...;En grupo;Habitación Doble Estándar con vistas al mar - 1 o 2 camas;2 noches;enero de 2025;2 de enero de 2025
Pedro;Chile;10;Excepcional;;;;Persona que viaja sola;Habitación Doble Estándar con vistas al mar - 1 o 2 camas;2 noches;abril de 2026;5 de abril de 2026
Douglas;Estados Unidos;10;Excepcional;;;;En pareja;Habitación Doble Estándar con vistas al mar - 1 o 2 camas;2 noches;marzo de 2026;30 de marzo de 2026
Jorge;Chile;10;Excepcional;;;;En pareja;Habitación Doble Estándar con vistas al mar - 1 o 2 camas;3 noches;febrero de 2026;23 de febrero de 2026
Alejandro;Chile;10;Excepcional;;;;En pareja;Habitación Doble Estándar con vistas al mar - 1 o 2 camas;5 noches;febrero de 2026;18 de febrero de 2026
Jose;Chile;9.0;Fantástico;;;;En pareja;Habitación Doble Estándar con vistas al mar - 1 o 2 camas;3 noches;enero de 2026;13 de enero de 2026
Javier;Chile;10;Excepcional;;;;En pareja;Habitación Doble Estándar con vistas al mar - 1 o 2 camas;2 noches;diciembre de 2025;9 de diciembre de 2025
Alfonso;Chile;10;Excepcional;;;;En pareja;Habitación Doble Estándar con vistas al mar - 1 o 2 camas;3 noches;enero de 2025;1 de febrero de 2025
Ignacio;Chile;10;Excepcional;;;;En pareja;Habitación Doble Estándar con vistas al mar - 1 o 2 camas;2 noches;diciembre de 2024;23 de diciembre de 2024
Katherine;Estados Unidos;10;Excepcional;;;;En pareja;Habitación Doble Estándar con vistas al mar - 1 o 2 camas;1 noche;septiembre de 2024;20 de octubre de 2024
Ana;Chile;10;Excepcional;;;;En familia;Habitación Doble Estándar con vistas al mar - 1 o 2 camas;2 noches;mayo de 2024;1 de junio de 2024
Andres;Chile;10;Excepcional;;;;En pareja;Habitación Doble Estándar con vistas al mar - 1 o 2 camas;3 noches;abril de 2024;27 de abril de 2024
Barbara;Chile;10;Excepcional;;;;En grupo;Habitación Doble Estándar con vistas al mar - 1 o 2 camas;2 noches;marzo de 2024;16 de marzo de 2024
Fabian;Chile;10;Excepcional;;;;En pareja;Habitación Doble Estándar con vistas al mar - 1 o 2 camas;2 noches;abril de 2025;25 de abril de 2025
Jaime;Chile;9.0;agradable destacando el esfuerzo de Mónica;;;;En pareja;Habitación Doble Estándar con vistas al mar - 1 o 2 camas;2 noches;febrero de 2026;3 de marzo de 2026
Petra;Alemania;10;Incredibly beautiful place with extrodinary architecture. Very friendly and helpful staff. You feel more like being with;;;;En pareja;Habitación Doble Estándar con vistas al mar - 1 o 2 camas;2 noches;enero de 2025;25 de enero de 2025
Augusto;Perú;9.0;Fantástico;;;;En pareja;Habitación Doble Estándar con vistas al mar - 1 o 2 camas;1 noche;septiembre de 2024;30 de septiembre de 2024
Oscar;Chile;10;Excepcional;;;;En pareja;Habitación Doble Estándar con vistas al mar - 1 o 2 camas;2 noches;agosto de 2024;1 de septiembre de 2024
Andrea;Chile;10;Excepcional;;;;En familia;Habitación Doble Estándar con vistas al mar - 1 o 2 camas;3 noches;mayo de 2024;23 de mayo de 2024
